risn;XX_PE_listview_title_PE0100;AA425;TITREG;A0335;Dokumententyp;A0403;A0410;A0412;ISBN;Zeitschrift/Zeitung;DOI;Band;Nummer;Datum;Seiten von–bis
1;Zapp, Arthur;1908;Hurraschreier;Ein Zeitroman;Buch (Monographie);;Dresden;Reißner;;;;;;;
2;Worms, Karl;1910;Du bist mein;Ein Zeitroman in zwei Büchern von Carl Worms;Buch (Monographie);2.Aufl.;Stuttgart & Berlin;Cotta;;;;;;;
3;Winterfeld, Achim;-1927;Als ich einst Prinz war von Arkadien ...;Satirischer Zeitroman;Buch (Monographie);;Warendorf i. W.;Verlag Peter Heine & Co;;;;;;;
4;;1903;Wilhelm Reindel, der Scharfrichter von Magdeburg und die Opfer des  Schafotts;Zeitroman nach Aufzeichnungen u. Mitteilungen d. Scharfrichters  Wilhelm Reindel;Buch (Monographie);;Berlin;A. Weichert;;;;;;;
5;Wicha, Ute;1980;Der deutsche Zeitroman im Vormärz;;Buch (Monographie);;Bremen;;;;;;;;
6;Wehrlin, Robert;1912;Der Fabrikant;Ein schweizerischer Zeitroman;Buch (Monographie);5. Aufl.;Stuttgart;Engelhorn;;;;;;;
7;van Oestéren, Friedrich Werner;1917;"Der Schatten der Gorgo ; Ein Zeitroman von 1916 von Fr[iedrich]  W[erner] v[an] Oestéren";;Buch (Monographie);;Stuttgart & Berlin;Deutsche Verl.-Anst;;;;;;;
8;;1874;Um Szepter und Kronen;Zeitroman;Buch (Monographie);;;;;;;3;;;
9;Tatlock, Lynne;1984;Willibald Alexis’ Zeitroman Das Haus Düsterweg and the Vormärz;;Buch (Monographie);;Frankfurt a.M., Bern [usw.];P. Lang;;;;19);;;
10;Tamm, Traugott;-1922;Haus Thormälen;Zeitroman;Buch (Monographie);;Braunschweig & Hamburg;G. Westermann;;;;;;;
11;Szarota, Elida Maria;1970;Lohensteins Arminius als Zeitroman;Sichtweisen des Spätbarock;Buch (Monographie);;Bern [u.a.];Francke;;;;;;;
12;Szafranski, Telesfor;1909;"Goldauge ; Torn, Teo v. [d.i. Szafranski, Telesfor]; Zeitroman";;Buch (Monographie);;Mülheim a.d.Ruhr;Bagel;;;;Nr 7071-7072);;;
13;Szafranski, Telesfor;1909;"Goldauge ; Torn, Teo v. [d.i. Szafranski, Telesfor]; Zeitroman";;Buch (Monographie);;Mülheim a.d.Ruhr;Bagel;;;;Nr 7071-7072);;;
14;Szafranski, Telesfor;1909;Goldauge;"Torn, Teo v. [d.i. Szafranski, Telesfor] ; Zeitroman";Unklarer Dokumententyp;;;;;;;;;;
15;Suttner, Arthur Gundaccar;1899;Sie wollen nicht;Zeitroman von A[rtur] Gundaccar v. Suttner;Unklarer Dokumententyp;;;;;;;;;;
16;Stratz, Rudolf;2011;Unter den Linden;Berliner Zeitroman aus den neunziger Jahren;Buch (Monographie);;Hamburg;tredition;;;;;;;
17;Stratz, Rudolf;1921;Unter den Linden;Berliner Zeitroman aus d. neunziger Jahren;Buch (Monographie);(15. Aufl.);Berlin;E. Fleischel;;;;;;;
18;Stoffregen, Goetz Otto;1921;Vaterland!;Ein Zeitroman;Buch (Monographie);1. - 5. Aufl.;Bensheim;Trutzeiche;;;;;;;
19;Stilgebauer, Edward;-1912;Das rote Gold;Satirischer Zeitroman von Edward Stilgebauer;Buch (Monographie);;Dresden;Reissner;;;;;;;
20;Steinhoff, Werner;1935;"Hier Grand Hotel Addis Abeba! ; Abessinischer Zeitroman";;Buch (Monographie);;Berlin;Reichsbund-Druckerei;;;;;;;
21;Skowronnek, Fritz;ca. 1920;Zertrümmerte Götzen;Ostpreußischer Zeitroman;Buch (Monographie);;Berlin;Janke;;;;;;;
22;Skowronnek, Fritz;1928;Zertrümmerte Götzen;Ostpreußischer Zeitroman;Buch (Monographie);;Dresden [u.a.];Wodni, Lindecke & Köbel [u.a.];;;;2;;;
23;Skowronnek, Fritz;1928;Gesammelte Werke;Zertrümmerte Götzen;Buch (Monographie);;Dresden-A.;Wodni, Lindecke & Ködel [u.a.];;;;2;;;
24;Skowronnek, Fritz;1916;Zertrümmerte Götzen;Ostpreuß. Zeitroman von Fritz Skowronnek;Buch (Monographie);;Berlin;Janke;;;;;;;
25;Skowronnek, Fritz;1901;Zertrümmerte Götzen;Ostpreußischer Zeitroman;Buch (Monographie);;Berlin;Janke;;;;;;;
26;Simon, Anna;1898;Doktor Örtling;Zeitroman aus d. Gegenwart;Buch (Monographie);;Berlin;;;;;;;;
27;Schwarz-Norberg, Eleonore;1884-;Gefährliche Verbindungen;Zeit-Roman;Unklarer Dokumententyp;;;;;;;;;;
28;Schöfer, Erasmus;2018-2018;Die Kinder des Sisyfos;Zeitroman;Unklarer Dokumententyp;;;;;;;;;;
29;Schöfer, Erasmus;2011;Zwielicht;Roman;Buch (Monographie);;[Berlin];Dittrich;;;;[Bd. 2];;;
30;Schöfer, Erasmus;2011;Ein Frühling irrer Hoffnung;Roman;Buch (Monographie);4. Aufl.;[Berlin];Dittrich;;;;[Bd. 1];;;
31;Schöfer, Erasmus;2011;Die Kinder des Sisyfos. Roman-Tetralogie/Zwielicht;Die Kinder des  Sysifos. Zeitroman;Buch (Monographie);2. Aufl.;Berlin;Dittrich;;;;;;;
32;Schöfer, Erasmus;2009;Sonnenflucht;"Die Kinder des Sisyfos ; Zeitroman";Buch (Monographie);2. Aufl.;Berlin;Dittrich;;;;;;;
33;Schöfer, Erasmus;2009;Sonnenflucht;Roman;Buch (Monographie);2. Aufl.;Berlin;Dittrich;;;;[Bd. 3];;;
34;Schöfer, Erasmus;2008;Winterdämmerung;"Die Kinder des Sisyfos ; Zeitroman";Buch (Monographie);;Berlin;Dittrich;;;;;;;
35;Schöfer, Erasmus;2008;Winterdämmerung;Roman;Buch (Monographie);;Berlin;Dittrich;;;;Bd. 4;;;
36;Schöfer, Erasmus;2007;Ein Frühling irrer Hoffnung;;Buch (Monographie);3. Aufl.;[Berlin];Dittrich;;;;[Bd. 1];;;
37;Schöfer, Erasmus;2007;Ein Frühling irrer Hoffnung;"Die Kinder des Sisyfos ; Zeitroman";Buch (Monographie);3. Aufl.;Berlin;Dittrich;;;;;;;
38;Schöfer, Erasmus;2005;Sonnenflucht;Die Kinder des Sisyfos : Zeitroman;Buch (Monographie);;Berlin;Dittrich Verlag;;;;;;;
39;Schöfer, Erasmus;2004;Zwielicht;Die Kinder des Sisyfos : Zeitroman;Buch (Monographie);;[Köln];Dittrich Verlag;;;;;;;
40;Schöfer, Erasmus;2004;Zwielicht;;Buch (Monographie);;[Berlin];Dittrich;;;;[Bd. 2];;;
41;Schöfer, Erasmus;2004-;Die Kinder des Sisyfos;Zeitroman;Unklarer Dokumententyp;;;;;;;;;;
42;Schöfer, Erasmus;2002;Ein Frühling irrer Hoffnung;"Die Kinder des Sisyfos ; Zeitroman";Buch (Monographie);2. Aufl.;Köln;Dittrich;;;;;;;
43;Schöfer, Erasmus;2001;Ein Frühling irrer Hoffnung;Die Kinder des Sisyfos : Zeitroman;Buch (Monographie);;Köln;Dittrich Verlag;;;;;;;
44;Schiller, Dieter;2010;"Mit Geschichte will man etwas""";Geschichtsroman und Zeitroman in  der deutschen Exilliteratur 1933 - 1945;Buch (Monographie);;Berlin;Helle Panke;;;;Heft 142;;;
45;Schacht, Roland;-1955;Aufstand der Asketen;"Schacht, Roland ; Ein heiterer Zeitroman.  (Ill. v. Eberhard Schlotter)";Buch (Monographie);;(Düsseldorf, Köln);Diederichs;;;;;;;
46;Samarow, Gregor;1876;Um Szepter und Kronen;Zeitroman;Unklarer Dokumententyp;;;;;;;;;;
47;Samarow, Gregor;1876;Um Szepter und Kronen;Held und Kaiser. Bd 3. 1876. Bd 4. 1876;Buch (Monographie);;Stuttgart;Hallbergen;;;;5. u. letzte Abth;;;
48;Sack, Volker;1985;Zeitstück und Zeitroman in der Weimarer Republik;"Ödön von  Horváth: Kasimir und Karoline ; Irmgard Keun: Das kunstseidene Mädchen";Buch (Monographie);;Stuttgart;Klett;;;;;;;
49;Sack, Volker;1985;Zeitstück und Zeitroman in der Weimarer Republik;"Ödön von  Horváth: Kasimir und Karoline ; Irmgard Keun: Das kunstseidene Mädchen";Buch (Monographie);1. Aufl., 1. Dr;Stuttgart;Klett;;;;;;;
50;Sack, Volker;1985;Zeitstück und Zeitroman in der Weimarer Republik;"Ödon von  Horváth: Kasimir und Karoline; Irmgard Keun: Das kunstseidene Mädchen";Buch (Monographie);1. Aufl.;Stuttgart;Klett;;;;;;;
51;Ropp, Max Alexis von der;1908;Elkesragge;Ein baltischer Zeitroman;Buch (Monographie);2. Aufl.;Berlin;Fleischel;;;;;;;
52;Ropp, Max Alexis von der;1907;Elkesragge;Ein baltischer Zeitroman von Max Alexis v. der Ropp;Buch (Monographie);;Berlin;E. Fleischel & Co;;;;;;;
53;Ropp, Max Alexis von der;1907;Elkesragge;Ein baltischer Zeitroman;Buch (Monographie);;Berlin;Fleischel;;;;;;;
54;Romanus, Helius;1908;Modernisten;"Helius Romanus ; Zeit-Roman";Buch (Monographie);;Berlin-Leipzig;C. Wigand;;;;;;;
55;Ring, Max;1888;Streber und Kämpfer;Zeitroman;Unklarer Dokumententyp;;;;;;;;;;
56;Ring, Max;1888;Streber und Kämpfer;;Buch (Monographie);;Jena;Costenoble;;;;Bd. 1;;;
57;Ring, Max;1888;Streber und Kämpfer;;Buch (Monographie);;Jena;Costenoble;;;;Bd. 2;;;
58;Ring, Max;1874-;Unfehlbar;Zeitroman;Unklarer Dokumententyp;;;;;;;;;;
59;Ring, Max;1874-;Unfehlbar;Zeitroman;Unklarer Dokumententyp;;;;;;;;;;
60;Ring, Max;1874;Unfehlbar;Zeitroman;Unklarer Dokumententyp;;;;;;;;;;
61;Ring, Max;1874;Unfehlbar;;Buch (Monographie);;Jena;Costenoble;;;;1;;;
62;Ring, Max;1874;Unfehlbar;;Buch (Monographie);;Jena;Costenoble;;;;1;;;
63;Ring, Max;1874;Unfehlbar;;Buch (Monographie);;Jena;Costenoble;;;;Bd. 1;;;
64;Ring, Max;1874;Unfehlbar;;Buch (Monographie);;Jena;Costenoble;;;;Bd. 2;;;
65;Ring, Max;1874;Unfehlbar;;Buch (Monographie);;Jena;Costenoble;;;;Bd. 3;;;
66;Ring, Max;1874;Unfehlbar;;Buch (Monographie);;Jena;Costenoble;;;;4;;;
67;Ring, Max;1874;Unfehlbar;;Buch (Monographie);;Jena;Costenoble;;;;4;;;
68;Ring, Max;1874;Unfehlbar;;Buch (Monographie);;Jena;Costenoble;;;;Bd. 4;;;
69;Ring, Max;1869;Fürst und Musiker;Zeitroman;Unklarer Dokumententyp;;;;;;;;;;
70;Ring, Max;1869;Fürst und Musiker;;Buch (Monographie);;Berlin;;;;;Bd. 1;;;
71;Ring, Max;1869;Fürst und Musiker;;Buch (Monographie);;Berlin;;;;;Bd. 2;;;
72;Ring, Max;1869;Fürst und Musiker;;Buch (Monographie);;Berlin;;;;;Bd. 3;;;
73;Retcliffe, John;1876;Des Cäsars Ende;;Buch (Monographie);;Berlin;;;;;1;;;
74;Retcliffe, John;1876;Des Cäsars Ende;;Buch (Monographie);;Berlin;;;;;2;;;
75;Retcliffe, John;;Des Cäsars Ende;Zeit-Roman;Unklarer Dokumententyp;;;;;;;;;;
76;Reindel, Wilhelm;1903;Wilhelm Reindel, der Scharfrichter von Magdeburg und die Opfer des  Schafotts;Zeitroman nach Aufzeichnungen und Mitteilungen des Scharfrichters  Wilhelm Reindel;Buch (Monographie);;Berlin;Weichert;;;;;;;
77;Reimann, Hans;1923;Die Dinte wider das Blut;Ein Zeitroman;Schriften eines Autors;39. wildgewordene und vermasselte Aufl., 640. - 683. Tsd., 31. -  35. Tsd., verb. und verm. Aufl.;Hannover;Steegemann;;;;132/134];;;
78;Reimann, Hans;1922;Die Dinte wider das Blut;Ein Zeitroman;Schriften eines Autors;39. wildgewordene und vermasselte Aufl., 640. - 683. Tsd., 21. -  30. Tsd., verb. und verm. Aufl.;Hannover;Steegemann;;;;132/134;;;
79;Reimann, Hans;1921;Die Dinte wider das Blut;Ein Zeitroman;Schriften eines Autors;39. wildgewordene und vermasselte Aufl., 640. - 683. Tsd., 6. -  10. Tsd., verb. und verm. Aufl.;Hannover;Steegemann;;;;132/134;;;
80;Reimann, Hans;1921;Die Dinte wider das Blut;Ein Zeitroman;Schriften eines Autors;39. wildgewordene und vermasselte Aufl., 640. - 683. Tsd., 1. -  5. Tsd., verb. und verm. Aufl.;Hannover;Steegemann;;;;132/134;;;
81;Reimann, Hans;1921;Die Dinte wider das Blut;Ein Zeitroman;Schriften eines Autors;39. wildgewordene und vermasselte Aufl., 640. - 683. Tsd., 11. -  20. Tsd., verb. und verm. Aufl.;Hannover;Steegemann;;;;132/134;;;
82;Reimann, Hans;1921;Die Dinte wider das Blut;Ein Zeitroman;Buch (Monographie);39. wildgewordene und vermasselte Aufl. - 640. - 683. Tsd;Hannover [u.a.];Steegemann;;;;132/134;;;
83;Reimann, Hans;1921;Die Dinte wider das Blut;Ein Zeitroman;Schriften eines Autors;39. wildgewordene und vermasselte Aufl., 640. - 683. Tsd., 11. -  20. Tsd., verb. und verm. Aufl.;Hannover;Steegemann;;;;132/134;;;
84;Prosper, E.;1909;Was ich in Plaskowitsch erlebt;Ein Zeitroman;Buch (Monographie);;Graz [u.a.];"Verl.-Buchh. ""Styria";;;;;;;
85;Polko, Karl;1907;Soziale Klippen;Ein Zeitroman von Karl Polko;Buch (Monographie);;Dresden;Reißner;;;;;;;
86;Pérez, Galdós Benito;1880;Gloria;Zeitroman;Unklarer Dokumententyp;;;;;;;;;;
87;Pérez, Galdós Benito;1880;Gloria;;Schriften eines Autors;;Berlin;;;;;Theil 1;;;
88;Pérez, Galdós Benito;1880;Gloria;;Schriften eines Autors;;Berlin;;;;;Theil 2;;;
89;Pappritz, A.;nach 1894;Vorurteile;Ein Zeitroman aus dem märkischen Gesellschaftsleben;Buch (Monographie);;Berlin;Rüger;;;;;;;
90;Pappritz, Anna;1894?;Vorurteile;E. Zeitroman aus d. märkischen Gesellschaftsleben;Unklarer Dokumententyp;;;;;;;;;;
91;Pappritz, Anna;1894?;Vorurteile;;Buch (Monographie);;Berlin;M. Rüger;;;;Tl 1;;;
92;Pappritz, Anna;1894?;Vorurteile;;Buch (Monographie);;Berlin;M. Rüger;;;;Tl 2;;;
93;Pappritz, A.;1894;Vorurteile;;Buch (Monographie);;Berlin;Rüger;;;;;;;
94;Pappritz, A.;1894;Vorurteile;;Buch (Monographie);;Berlin;Rüger;;;;;;;
95;Otto-Peters, Louise;1883;Verbrüderungsfeste;;Buch (Monographie);2. Ausg;Norden [u.a.];Fischer;;;;Bd. 2;;;
96;Otto-Peters, Louise;1883;Kleinstaatliches;;Buch (Monographie);2. Ausg;Norden [u.a.];Fischer;;;;Bd. 1;;;
97;Otto-Peters, Louise;1883;Deutscher Bruderkrieg;;Buch (Monographie);2. Ausg;Norden [u.a.];Fischer;;;;Bd. 3;;;
98;Otto-Peters, Louise;1883;Alldeutschland;;Buch (Monographie);2. Ausg;Norden [u.a.];Fischer;;;;Bd. 4;;;
99;Otto-Peters, Louise;1872;Verbrüderungsfeste;;Buch (Monographie);;Bremen;;;;;Bd. 2;;;
100;Otto-Peters, Louise;1872;Kleinstaatliches;;Buch (Monographie);;Bremen;;;;;Bd. 1;;;
101;Otto-Peters, Louise;1872;Deutscher Bruderkrieg;;Buch (Monographie);;Bremen;;;;;Bd. 3;;;
102;Otto-Peters, Louise;1872-;Deutsche Wunden;Zeitroman (1864-1871);Unklarer Dokumententyp;;;;;;;;;;
103;Otto-Peters, Louise;1872;Alldeutschland;;Buch (Monographie);;Bremen;;;;;Bd. 4;;;
104;Orzeszkowa, Eliza;1887;Ein Frauenschicksal;Socialer Zeitroman;Schriften eines Autors;;Dresden;Verlag von Heinrich Minden;;;;;;;
105;Ortmann, Reinhold;1904;Wer wird siegen?;Zeit-Roman von Reinhold Ortmann;Unklarer Dokumententyp;;;;;;;;;;
106;Ortmann, Reinhold;1904;"Wer wird siegen? ; Zeit-Roman von Reinhold Ortmann";;Buch (Monographie);;Mannheim;Bensheimer;;;;"Zeit-Roman von Reinhold Ortmann ; Bd. 1";;;
107;Ortmann, Reinhold;1904;"Wer wird siegen? ; Zeit-Roman von Reinhold Ortmann";;Buch (Monographie);;Mannheim;Bensheimer;;;;"Zeit-Roman von Reinhold Ortmann ; Bd. 2";;;
108;Orlovski-Golovin, R.;1898;Die Nihilistin;;Schriften eines Autors;;Stuttgart;;;;;25;;;
109;Orlovski-Golovin, R.;1898;Die Nihilistin;;Schriften eines Autors;;Stuttgart;;;;;26;;;
110;Orlovski-Golovin, R.;;Die Nihilistin;Zeitroman : Autor. Uebers;Unklarer Dokumententyp;;;;;;;;;;
111;Oedemann, Georg Artur;-1938;Eine Straße geht durchs Land;Zeit-Roman;Buch (Monographie);;Berlin;Klieber;;;;;;;
112;Muwail??, Mu?ammad al;1911-1912;?ad?? ?Is? Ibn-Hiš?m au fatra min az-zaman;;Buch (Monographie);;al-Q?hira (Mi?r);Mu?ammad Sa??d ar-R?fi??;;;;;;;
113;Muwail??, Mu?ammad al;1324 h./1907;?ad?? ?Is? Ibn-Hiš?m au fatra min az-zaman;;Buch (Monographie);;Ma?r;al-Ma??rif;;;;;;;
114;Molo, Walter;1915;Lebenswende;Ein Zeitroman von Walter v. Molo;Buch (Monographie);;Berlin;Kronen-Verl.;;;;[Bd 20]);;;
115;Mohr, Mary L. F.;1907;Zuchthaus;"Erziehung einer schönen Seele ; Zeitroman";Buch (Monographie);;Leipzig;Moderner Dresdner Verl., Stoll;;;;;;;
116;Mohr, Marie L. F.;1892;Nirwâna;Zeitroman von Marie L. F. Mohr;Buch (Monographie);Neue autor. Ausg;Chemnitz;Richter;;;;;;;
117;Mevert, Ernst;1864-;Die neuen Nibelungen;Zeitroman;Unklarer Dokumententyp;;;;;;;;;;
118;Mevert, Ernst;1864;Die neuen Nibelungen;;Buch (Monographie);;Hamburg;;;;;Bd. 1;;;
119;Mevert, Ernst;1864;Die neuen Nibelungen;;Buch (Monographie);;Hamburg;;;;;Bd. 2;;;
120;Mevert, Ernst;1864;Die neuen Nibelungen;;Buch (Monographie);;Hamburg;;;;;Bd. 3;;;
121;Mevert, Ernst;1864;Die neuen Nibelungen;;Buch (Monographie);;Hamburg;;;;;Bd. 4;;;
122;Merckling, Charles;1929;Grenzland-Teufel;Ein polit.-satir. Zeitroman;Buch (Monographie);;Strassburg;Hauss;;;;;;;
123;Meisels, Samuel;1903;Der Talmud als Betrüger;Zeitroman;Buch (Monographie);;Berlin;S. Cronbach;;;;;;;
124;Meding, Oskar;ca. 1912;Um Zepter und Kronen;Zeitroman;Buch (Monographie);Neue, ungekürzte Ausg., 27. - 31 Tsd;Berlin;Globus-Verl.;;;;;;;
125;Meding, Oskar;1911;Zwei Kaiserkronen;Zeitroman;Buch (Monographie);Neue, ungekürzte Ausg;Berlin;Globus-Verl.;;;;;;;
126;Meding, Oskar;1911;Zwei Kaiserkronen;Zeitroman von Gregor Samarow [d.i. Oskar  Meding]. (3. Folge von ’Um Zepter und Kronen’);Buch (Monographie);Neue, ungekürzte Ausg;Berlin;Globus Verl.;;;;;;;
127;Meding, Oskar;1911;Um Zepter und Kronen;Zeitroman;Buch (Monographie);Ungekürzte Ausg;Berlin;Globus Verl.;;;;;;;
128;Meding, Oskar;1911;Um Zepter und Kronen;Zeitroman von Gregor Samarow [d.i. Oskar  Meding];Buch (Monographie);Neue, ungekürzte Ausg;Berlin;Globus Verl.;;;;;;;
129;Meding, Oskar;1911;Um Szepter und Kronen;;Buch (Monographie);;Stuttgart;Hallberger;;;;Bd. [1];;;
130;Meding, Oskar;1911;Um Szepter und Kronen;;Buch (Monographie);Neue ungekürzte Ausg;Stuttgart;Hallberger;;;;Bd. [1];;;
131;Meding, Oskar;1911;Um Szepter und Kronen;;Buch (Monographie);Neue ungekürzte Ausg;Stuttgart;Hallberger;;;;Bd. 3;;;
132;Meding, Oskar;1911;Um Szepter und Kronen;;Buch (Monographie);;Stuttgart;Hallberger;;;;Bd. 5;;;
133;Meding, Oskar;1911;Kreuz und Schwert;Zeitroman;Buch (Monographie);Neue, ungekürzte Ausg;Berlin;Globus-Verl.;;;;;;;
134;Meding, Oskar;1911;Held und Kaiser;Zeitroman;Buch (Monographie);Neue, ungekürzte Ausg;Berlin;Globus-Verl.;;;;;;;
135;Meding, Oskar;1911;Gipfel und Abgrund;Zeitroman;Buch (Monographie);Neue, ungekürzte Ausg;Berlin;Globus-Verl.;;;;;;;
136;Meding, Oskar;1911;Europäische Minen und Gegenminen;Zeitroman;Buch (Monographie);Neue, ungekürzte Ausg;Berlin;Globus-Verl.;;;;;;;
137;Meding, Oskar;1906;Die diplomatischen Verhandlungen vor der Schlacht bei Langensalza;"Aus: Um Zepter und Kronen, Dreizehntes Kapitel ; Zeitroman";Buch (Monographie);;Langensalza;Wendt & Klauwell;;;;16;;;
138;Meding, Oskar;1906;Die diplomatischen Verhandlungen vor der Schlacht bei Langensalza;"Aus: Um Zepter und Kronen, Dreizehntes Kapitel ; Zeitroman";Buch (Monographie);;Langensalza;Wendt & Klauwell;;;;16;;;
139;Meding, Oskar;1905;Die Schlacht bei Langensalza;"Aus: Um Zepter und Kronen,  Vierzehntes Kapitel ; Zeitroman";Buch (Monographie);;Langensalza;Wendt & Klauwell;;;;17;;;
140;Meding, Oskar;1905;Die Schlacht bei Langensalza;"Aus: Um Zepter und Kronen,  Vierzehntes Kapitel ; Zeitroman";Buch (Monographie);;Langensalza;Wendt & Klauwell;;;;17;;;
141;Meding, Oskar;1897;Krieg oder Frieden?;Zeitroman;Schriften eines Autors;;Stuttgart;Süddeutsches Verl.-Inst;;;;;;;
142;Meding, Oskar;1888;Gipfel und Abgrund;Zeitroman;Unklarer Dokumententyp;;;;;;;;;;
143;Meding, Oskar;1888;Gipfel und Abgrund;;Buch (Monographie);;Stuttgart;Deutsche Verlags-Anstalt;;;;Bd. 1;;;
144;Meding, Oskar;1888;Gipfel und Abgrund;;Buch (Monographie);;Stuttgart;Deutsche Verlags-Anstalt;;;;Bd. 2;;;
145;Meding, Oskar;1888;Gipfel und Abgrund;;Buch (Monographie);;Stuttgart;Deutsche Verlags-Anstalt;;;;Bd. 3;;;
146;Meding, Oskar;1888;Gipfel und Abgrund;;Buch (Monographie);;Stuttgart;Deutsche Verlags-Anstalt;;;;Bd. 4;;;
147;Meding, Oskar;1887;Eine Römerfahrt der Epigonen. Zeit-Roman/ von Oskar Meding [d.i.  Gregor Samarow];;Buch (Monographie);4. Aufl.;Berlin;;;;;;;;
148;Meding, Oskar;1876;Um Szepter und Kronen;;Buch (Monographie);;Stuttgart;Hallberger;;;;Bd. 1;;;
149;Meding, Oskar;1876;Um Szepter und Kronen;;Buch (Monographie);;Stuttgart;Hallberger;;;;Bd. 2;;;
150;Meding, Oskar;1876;Um Szepter und Kronen;;Buch (Monographie);;Stuttgart;Hallberger;;;;Bd. 3;;;
151;Meding, Oskar;1876;Um Szepter und Kronen;;Buch (Monographie);;Stuttgart;Hallberger;;;;Bd. 4;;;
152;Meding, Oskar;1876;Des Cäsars Ende;Zeitroman;Unklarer Dokumententyp;;;;;;;;;;
153;Meding, Oskar;1876;Des Cäsars Ende;;Buch (Monographie);;Berlin;Janke;;;;Bd. 1;;;
154;Meding, Oskar;1876;Des Cäsars Ende;;Buch (Monographie);;Berlin;Janke;;;;Bd. 2;;;
155;Meding, Oskar;1875;Zwei Kaiserkronen;"Dritte Abtheilung von ’Um Szepter und Kronen’ ;  Zeitroman";Unklarer Dokumententyp;;;;;;;;;;
156;Meding, Oskar;1875;Zwei Kaiserkronen;;Buch (Monographie);;Stuttgart;Druck und Verlag von Eduard Hallberger;;;;Bd. 1;;;
157;Meding, Oskar;1875;Zwei Kaiserkronen;;Buch (Monographie);;Stuttgart;Druck und Verlag von Eduard Hallberger;;;;Bd. 2;;;
158;Meding, Oskar;1875;Zwei Kaiserkronen;;Buch (Monographie);;Stuttgart;Druck und Verlag von Eduard Hallberger;;;;Bd. 3;;;
159;Meding, Oskar;1875;Zwei Kaiserkronen;;Buch (Monographie);;Stuttgart;Druck und Verlag von Eduard Hallberger;;;;Bd. 4;;;
160;Meding, Oskar;1875;Um Szepter und Kronen;;Buch (Monographie);[Mikrofiche-Ausg.];Stuttgart;Hallberger;;;;1;;;
161;Meding, Oskar;1875;Um Szepter und Kronen;;Buch (Monographie);;Stuttgart;Hallberger;;;;Bd. 1;;;
162;Meding, Oskar;1875;Um Szepter und Kronen;;Buch (Monographie);;Stuttgart;Hallberger;;;;Bd. 1;;;
163;Meding, Oskar;1875;Um Szepter und Kronen;;Buch (Monographie);[Mikrofiche-Ausg.];Stuttgart;Hallberger;;;;2;;;
164;Meding, Oskar;1875;Um Szepter und Kronen;;Buch (Monographie);;Stuttgart;Hallberger;;;;Bd. 2;;;
165;Meding, Oskar;1875;Um Szepter und Kronen;;Buch (Monographie);;Stuttgart;Hallberger;;;;Bd. 2;;;
166;Meding, Oskar;1875;Um Szepter und Kronen;;Buch (Monographie);[Mikrofiche-Ausg.];Stuttgart;Hallberger;;;;3;;;
167;Meding, Oskar;1875;Um Szepter und Kronen;;Buch (Monographie);;Stuttgart;Hallberger;;;;Bd. 3;;;
168;Meding, Oskar;1875;Um Szepter und Kronen;;Buch (Monographie);;Stuttgart;Hallberger;;;;Bd. 3;;;
169;Meding, Oskar;1875;Um Szepter und Kronen;;Buch (Monographie);[Mikrofiche-Ausg.];Stuttgart;Hallberger;;;;4;;;
170;Meding, Oskar;1875;Um Szepter und Kronen;;Buch (Monographie);;Stuttgart;Hallberger;;;;Bd. 4;;;
171;Meding, Oskar;1875;Um Szepter und Kronen;;Buch (Monographie);;Stuttgart;Hallberger;;;;Bd. 4;;;
172;Meding, Oskar;1875;Kreuz und Schwert;"Vierte Abtheilung von ’Um Szepter und Kronen’ ;  Zeitroman";Unklarer Dokumententyp;;;;;;;;;;
173;Meding, Oskar;1875;Kreuz und Schwert;;Buch (Monographie);;Stuttgart;;;;;Band 1;;;
174;Meding, Oskar;1875;Kreuz und Schwert;;Buch (Monographie);;Stuttgart;;;;;Band 2;;;
175;Meding, Oskar;1875;Kreuz und Schwert;;Buch (Monographie);;Stuttgart;;;;;Band 3;;;
176;Meding, Oskar;1875;Kreuz und Schwert;;Buch (Monographie);;Stuttgart;;;;;Band 4;;;
177;Meding, Oskar;1874;Um Szepter und Kronen;;Buch (Monographie);2. Aufl.;Stuttgart;Hallberger;;;;Bd. 1;;;
178;Meding, Oskar;1874;Um Szepter und Kronen;;Buch (Monographie);2. Aufl.;Stuttgart;Hallberger;;;;Bd. 1;;;
179;Meding, Oskar;1874;Um Szepter und Kronen;;Buch (Monographie);Wohlfeile Ausg;Stuttgart;Hallberger;;;;[Abth. 1], Bd. 1;;;
180;Meding, Oskar;1874;Um Szepter und Kronen;;Buch (Monographie);Wohlfeile Ausg;Stuttgart;Hallberger;;;;[Abth. 1], Bd. 2;;;
181;Meding, Oskar;1874;Um Szepter und Kronen;;Buch (Monographie);Wohlfeile Ausg;Stuttgart;Hallberger;;;;[Abth. 1], Bd. 3;;;
182;Meding, Oskar;1874;Um Szepter und Kronen;;Buch (Monographie);4. Aufl.;Stuttgart;Hallberger;;;;[Abth. 1], Bd. 3;;;
183;Meding, Oskar;1874;Um Szepter und Kronen;;Buch (Monographie);Wohlfeile Ausg;Stuttgart;Hallberger;;;;[Abth. 1], Bd. 4;;;
184;Meding, Oskar;1874;Um Szepter und Kronen;;Buch (Monographie);4. Aufl.;Stuttgart;Hallberger;;;;[Abth. 1], Bd. 4;;;
185;Meding, Oskar;1874;Um Szepter und Kronen;;Buch (Monographie);2. Aufl.;Stuttgart;Hallberger;;;;Bd. 2;;;
186;Meding, Oskar;1874;Um Szepter und Kronen;;Buch (Monographie);2. Aufl.;Stuttgart;Hallberger;;;;Bd. 3;;;
187;Meding, Oskar;1874;Um Szepter und Kronen;;Buch (Monographie);2. Aufl.;Stuttgart;Hallberger;;;;Bd. 4;;;
188;Meding, Oskar;1874;Die Römerfahrt der Epigonen;Zeit-Roman;Unklarer Dokumententyp;;;;;;;;;;
189;Meding, Oskar;1874;Die Römerfahrt der Epigonen;;Buch (Monographie);;Berlin;Janke;;;;Bd. 1;;;
190;Meding, Oskar;1874;Die Römerfahrt der Epigonen;;Buch (Monographie);;Berlin;Janke;;;;Bd. 2;;;
191;Meding, Oskar;1874;Die Römerfahrt der Epigonen;;Buch (Monographie);;Berlin;Janke;;;;Bd. 3;;;
192;Meding, Oskar;1874;Der Todesgruß der Legionen;Zeit-Roman;Unklarer Dokumententyp;;;;;;;;;;
193;Meding, Oskar;1874;Der Todesgruß der Legionen;;Buch (Monographie);;Berlin;Janke;;;;1;;;
194;Meding, Oskar;1874;Der Todesgruß der Legionen;;Buch (Monographie);;Berlin;Janke;;;;Bd 1;;;
195;Meding, Oskar;1874;Der Todesgruß der Legionen;;Buch (Monographie);;Berlin;Janke;;;;Bd 2;;;
196;Meding, Oskar;1874;Der Todesgruß der Legionen;;Buch (Monographie);;Berlin;Janke;;;;Bd 3;;;
197;Meding, Oskar;1873-1876;Um Szepter und Kronen;Zeitroman;Unklarer Dokumententyp;;;;;;;;;;
198;Meding, Oskar;1873;Um Szepter und Kronen;Zeitroman;Unklarer Dokumententyp;;;;;;;;;;
199;Meding, Oskar;1873;Um Szepter und Kronen;;Buch (Monographie);2. Aufl.;Stuttgart;Hallberger;;;;Bd. 1;;;
200;Meding, Oskar;1873;Um Szepter und Kronen;;Buch (Monographie);3. Aufl.;Stuttgart;Hallberger;;;;Bd. 1;;;
201;Meding, Oskar;1873;Um Szepter und Kronen;;Buch (Monographie);2. Aufl.;Stuttgart;Hallberger;;;;Bd. 1;;;
202;Meding, Oskar;1873;Um Szepter und Kronen;;Buch (Monographie);;Stuttgart;Hallberger;;;;Bd. 1;;;
203;Meding, Oskar;1873;Um Szepter und Kronen;;Buch (Monographie);4. Aufl.;Stuttgart;Hallberger;;;;[Abth. 1], Bd. 1;;;
204;Meding, Oskar;1873;Um Szepter und Kronen;;Buch (Monographie);4. Aufl.;Stuttgart;Hallberger;;;;[Abth. 1], Bd. 2;;;
205;Meding, Oskar;1873;Um Szepter und Kronen;;Buch (Monographie);2. Aufl.;Stuttgart;Hallberger;;;;Bd. 2;;;
206;Meding, Oskar;1873;Um Szepter und Kronen;;Buch (Monographie);3. Aufl.;Stuttgart;Hallberger;;;;Bd. 2;;;
207;Meding, Oskar;1873;Um Szepter und Kronen;;Buch (Monographie);2. Aufl.;Stuttgart;Hallberger;;;;Bd. 2;;;
208;Meding, Oskar;1873;Um Szepter und Kronen;;Buch (Monographie);;Stuttgart;Hallberger;;;;Bd. 2;;;
209;Meding, Oskar;1873;Um Szepter und Kronen;;Buch (Monographie);2. Aufl.;Stuttgart;Hallberger;;;;Bd. 3;;;
210;Meding, Oskar;1873;Um Szepter und Kronen;;Buch (Monographie);3. Aufl.;Stuttgart;Hallberger;;;;Bd. 3;;;
211;Meding, Oskar;1873;Um Szepter und Kronen;;Buch (Monographie);;Stuttgart;Hallberger;;;;Bd. 3;;;
212;Meding, Oskar;1873;Um Szepter und Kronen;;Buch (Monographie);2. Aufl.;Stuttgart;Hallberger;;;;Bd. 4;;;
213;Meding, Oskar;1873;Um Szepter und Kronen;;Buch (Monographie);3. Aufl.;Stuttgart;Hallberger;;;;Bd. 4;;;
214;Meding, Oskar;1873;Um Szepter und Kronen;;Buch (Monographie);;Stuttgart;Hallberger;;;;Bd. 4;;;
215;Meding, Oskar;1873;Europäische Minen und Gegenminen;Zeitroman;Unklarer Dokumententyp;;;;;;;;;;
216;Meding, Oskar;1872;Um Szepter und Kronen;[Abt. 1], 3;Buch (Monographie);[Mikrofiche-Ausg.];Stuttgart;Hallberger;;;;1;;;
217;Meding, Oskar;1872;Um Szepter und Kronen;[Abt. 1], 1;Buch (Monographie);[Mikrofiche-Ausg.];Stuttgart;Hallberger;;;;1;;;
218;Meding, Oskar;1872;Um Szepter und Kronen;[Abt. 1], 2;Buch (Monographie);[Mikrofiche-Ausg.];Stuttgart;Hallberger;;;;1;;;
219;Meding, Oskar;1872;Um Szepter und Kronen;[Abt. 1], 4;Buch (Monographie);[Mikrofiche-Ausg.];Stuttgart;Hallberger;;;;1;;;
220;Meding, Oskar;1872;Um Szepter und Kronen;;Buch (Monographie);;Stuttgart;Hallberger;;;;[Abth. 1], Bd. 1;;;
221;Meding, Oskar;1872;Um Szepter und Kronen;;Buch (Monographie);;Stuttgart;Hallberger;;;;[Abth. 1], Bd. 2;;;
222;Meding, Oskar;1872;Um Szepter und Kronen;;Buch (Monographie);;Stuttgart;Hallberger;;;;[Abth. 1], Bd. 3;;;
223;Meding, Oskar;1872;Um Szepter und Kronen;;Buch (Monographie);;Stuttgart;Hallberger;;;;[Abth. 1], Bd. 4;;;
224;Meding, Oskar;;Um Szepter und Kronen;Zeitroman;Unklarer Dokumententyp;;;;;;;;;;
225;Meding, Oskar;;Der Todesgruß der Legionen;Zeit-Roman;Unklarer Dokumententyp;;;;;;;;;;
226;Matijevich, Elke;1995;The Zeitroman of the late Weimar Republic;;Buch (Monographie);;New York [u.a.];Lang;;;;77;;;
227;Matijevich, Elke;1995;The Zeitroman of the late Weimar Republic;;Buch (Monographie);;New York;Lang;;;;77;;;
228;Mastriani, Francesco;1856;Mein Leichnam;Zeitroman;Unklarer Dokumententyp;;;;;;;;;;
229;Mastriani, Francesco;1856;Mein Leichnam;;Schriften eines Autors;;Leipzig;Kollmann;;;;Bd. 1;;;
230;Mastriani, Francesco;1856;Mein Leichnam;;Schriften eines Autors;;Leipzig;Kollmann;;;;Bd. 2;;;
231;Mahn, Anny;1916;Die den Weg bereiten;Ein Zeitroman;Buch (Monographie);;Hamburg;Enoch;;;;;;;
232;Mahn, Anny;1916;Die den Weg bereiten;Ein Zeitroman;Buch (Monographie);;Hamburg;Enoch;;;;;;;
233;Lubojatzky, Franz Anton;1851;Oswald Ehrenhaupt oder Pharisäer und Zöllner;Zeitroman;Unklarer Dokumententyp;;;;;;;;;;
234;Lubojatzky, Franz Anton;1851;Oswald Ehrenhaupt oder Pharisäer und Zöllner;;Buch (Monographie);;Grimma;Verlags-Comptoir;;;;1;;;
235;Lubojatzky, Franz Anton;1851;Oswald Ehrenhaupt oder Pharisäer und Zöllner;;Buch (Monographie);;Grimma;Verlags-Comptoir;;;;2;;;
236;Lubojatzky, Franz Anton;1851;Oswald Ehrenhaupt oder Pharisäer und Zöllner;;Buch (Monographie);;Grimma;Verlags-Comptoir;;;;3;;;
237;Lambrecht, Nanny;1937;Anne-Brigitte;Ein Zeitroman;Buch (Monographie);;Hamburg;;;;;;;;
238;Lambrecht, Nanny;1935;Anne-Brigitte;Ein Zeitroman;Buch (Monographie);;Berlin;Kolk;;;;;;;
239;Kutzleb, Hjalmar;ca. 1927;Die Hochwächter;Ein Zeitroman;Buch (Monographie);einmalige Ausg. für die Dt. Hausbücherei;Hamburg [u.a.];Hanseatische Verlagsanst;;;;;;;
240;Kutzleb, Hjalmar;1927;Die Hochwächter;Ein Zeitroman;Buch (Monographie);;Hamburg;Hanseat. Verl. Anst;;;;;;;
241;Kutzleb, Hjalmar;1927;Die Hochwächter;Ein Zeitroman;Buch (Monographie);;Hamburg & Berlin;Hanseat. Verl.-Anst;;;;;;;
242;Kühn, Erich;1922;Di Angeseilten;Ein Zeitroman;Buch (Monographie);;München;Dt. Volksverl.;;;;;;;
243;Kuehn, Erich;-1922;Die Angeseilten;Ein Zeitroman;Buch (Monographie);;München;Deutscher Volksverl.;;;;;;;
244;Kreutzer, Guido;-1915;Wetterleuchten;"Guido Kreutzer ; Zeitroman";Buch (Monographie);;Berlin;C. Duncker;;;;;;;
245;Körber, Lili;1936;Sato-San;"Ein japanischer Held ; satyrischer Zeitroman";Buch (Monographie);;Wien [u.a.];Nath;;;;;;;
246;Kohne, Gustav;1935;Der blinde Seher;Ein sozial-kultureller Zeitroman;Buch (Monographie);;Braunschweig [u.a.];Westermann;;;;;;;
247;Kohne, Gustav;1935;Der blinde Seher;Ein sozial-kultureller Zeitroman;Buch (Monographie);;Braunschweig u.a.;Westermann;;;;;;;
248;Kohne, Gustav;-1935;Der blinde Scher;Ein sozial-kultureller Zeitroman;Buch (Monographie);;Braunschweig, Berlin, Hamburg;Westermann;;;;;;;
249;Koerber, Lili;-1936;Sato-San, ein japanischer Held;Satyr. Zeitroman;Buch (Monographie);;Wien, Leipzig;Nath;;;;;;;
250;Klosterzell, Kathi von;1882;Ella das Judenkind;Ein Zeitroman;Unklarer Dokumententyp;;;;;;;;;;
251;Klosterzell, Kathi von;1882;Ella das Judenkind;;Buch (Monographie);;Berlin;;;;;Bd. 1;;;
252;Klosterzell, Kathi von;1882;Ella das Judenkind;;Buch (Monographie);;Berlin;;;;;Bd. 2;;;
253;Klosterzell, Kathi von;1882;Ella das Judenkind;;Buch (Monographie);;Berlin;;;;;Bd. 3;;;
254;Klinck, Fanny;1884;Im Banne der dritten Abtheilung;Zeit-Roman;Unklarer Dokumententyp;;;;;;;;;;
255;Klinck, Fanny;1884;Im Banne der dritten Abtheilung;;Buch (Monographie);;Berlin;Janke;;;;Bd. 1;;;
256;Klinck, Fanny;1884;Im Banne der dritten Abtheilung;;Buch (Monographie);;Berlin;Janke;;;;Bd. 2;;;
257;Kirstein, Paul A.;1905;Glückshandel;Zeitroman von Paul A. Kirstein;Buch (Monographie);;Berlin, Eisenach, Leipzig;H. Hillger;;;;No 483);;;
258;Keller, Paul;1923;Die vier Einsiedler. Ein Zeitroman von Paul Keller. 36.-45. Aufl;;Buch (Monographie);;Breslau;Bergstadt-V;;;;;;;
259;Keller, Paul;1923;Die vier Einsiedler;Ein Zeitroman;Buch (Monographie);21. - 35. Aufl.;Breslau;Bergstadtverl.;;;;;;;
260;Katschinski, Alfred;1921;Die zweite Heimat;Ein Zeitroman aus dem Memellande;Buch (Monographie);;Berlin;Deutsche Landbuchhandlung;;;;;;;
261;Karrasch, Alfred;1942;Parteigenosse Schmiedecke;Zeitroman;Buch (Monographie);(78.-86. Taus.);Berlin;Zeitgeschichte;;;;;;;
262;Karrasch, Alfred;1941;Parteigenosse Schmiedecke;Zeitroman;Buch (Monographie);(72.-77. Taus.);Berlin;Zeitgeschichte;;;;;;;
263;Kabel, Walther;1924;Seine Frau - sein Schicksal;Ein Zeitroman;Buch (Monographie);;Berlin;Verlagshaus f. Volkslit. u. Kunst;;;;Bd 501);;;
264;Johannes, Martin Otto;1935;Stehauf;Deutscher Zeitroman;Buch (Monographie);;Braunschweig [u.a.];Westermann;;;;;;;
265;Johannes, Martin Otto;1935;Stehauf;Deutscher Zeitroman;Buch (Monographie);;Braunschweig [u.a.];Westermann;;;;;;;
266;Ilg, Paul;2018;Der Hungerturm;Ein Zeitroman;Schriften eines Autors;;Zürich;Chronos;;;;Neue Folge, Band 50;;;
267;Hoefer, Edmund;1872;Der Demagoge;;Buch (Monographie);;Jena;Hermann Castenoble;;;;Bd. 1, 1;;;
268;Hoefer, Edmund;1872;Der Demagoge;;Buch (Monographie);;Jena;Hermann Castenoble;;;;Bd. 1, 2;;;
269;Hoefer, Edmund;1872;Der Demagoge;;Buch (Monographie);;Jena;Hermann Castenoble;;;;Bd. 2, 1;;;
270;Hoefer, Edmund;1872;Der Demagoge;;Buch (Monographie);;Jena;Hermann Castenoble;;;;Bd. 2, 2;;;
271;Hoefer, Edmund;1872;Der Demagoge;;Buch (Monographie);;Jena;Hermann Castenoble;;;;Bd. 3, 1;;;
272;Hoefer, Edmund;1872;Der Demagoge;;Buch (Monographie);;Jena;Hermann Castenoble;;;;Bd. 3, 2;;;
273;Hoefer, Edmund;;Der Demagoge;Ein Zeitroman;Unklarer Dokumententyp;;;;;;;;;;
274;Hillman, Roger;1983;Zeitroman;The novel and society in Germany, 1830-1900;Buch (Monographie);;Berne, Frankfurt a.M. [usw.];P. Lang;;;;12);;;
275;Heimdall;1908;Berlins Ende;Zeitroman von Heimdall;Buch (Monographie);;Berlin & Leipzig;H. Seemann;;;;2);;;
276;Heimann, Erwin;-1939;Liebling der Götter;Ein Künstler- u. Zeitroman;Buch (Monographie);;Bern;Francke;;;;;;;
277;Harten-Hoencke, Toni;1929;Karolas Scheidung;Zeitroman;Buch (Monographie);;Berlin & Leipzig;Behr;;;;;;;
278;Harnisch, Johannes W.;1919;Der Zerfall;Zeitroman;Buch (Monographie);;Bln;Askan. Verl.;;;;;;;
279;Harder, Agnes;1919;Die Präsidentin;Zeitroman von Agnes Harder;Buch (Monographie);;Bln;Scherl;;;;;;;
280;Hanstein, Adalbert;1895;Die Aktien des Glücks;Humoristisch-satirischer Zeitroman;Buch (Monographie);;Berlin;Verein für Freies Schriftthum;;;;;;;
281;Hanstein, Adalbert;1895;Die Aktien des Glücks;Humoristisch-satirischer Zeitroman;Buch (Monographie);5. Tsd;Berlin;Verein für Freies Schriftthum;;;;1,1];;;
282;Hagen, Wilhelm;-1917;Die heilige Not;Zeitroman;Buch (Monographie);;Berlin;Duncker;;;;;;;
283;Guseck, Bernd;1914;Der Welfenlegionär;"Erzählung aus der Geschichte der Gegenwart ;  Zeitroman";Buch (Monographie);4.-8. Tsd;Berlin;Janke;;;;;;;
284;Guseck, Bernd;1914;Der Welfenlegionär;Zeitroman;Buch (Monographie);;Berlin;Janke;;;;;;;
285;Gruenz, K.;1858;"Der Weltpriester und ""Försters Lieschen""";Zeitroman [aus voller  Wahrheit];Buch (Monographie);;Berlin;;;;;;;;
286;Grossmann, Julie;1847;Eine gemischte Gesellschaft;Zeit-Roman;Buch (Monographie);;Breslau;;;;;;;;
287;Graf, Oskar Maria;1994;Werkausgabe;Der Abgrund;Schriften eines Autors;;München [u.a.];List;;;;3;;;
288;Graf, Oskar Maria;1994;Werkausgabe;Der Abgrund;Schriften eines Autors;Die vorliegende Fassung folgt der 1936 publ. Erstausg;München [u.a.];List;;;;3;;;
289;Graf, Oskar Maria;1994;Werkausgabe;Der Abgrund;Schriften eines Autors;[Studienausg.];München [u.a.];List;;;;3;;;
290;Graf, Oskar Maria;1994;Der Abgrund;Ein Zeitroman;Schriften eines Autors;;München [u.a.];List;;;;Bd. 3;;;
291;Graf, Oskar Maria;1985;Werkausgabe;Der Abgrund;Schriften eines Autors;;Frankfurt am Main;Büchergilde Gutenberg;;;;3;;;
292;Graf, Oskar Maria;1985;Werkausgabe;Der Abgrund;Buch (Monographie);;[Frankfurt am Main];Büchergilde Gutenberg;;;;3;;;
293;Graf, Oskar Maria;1982;Der Abgrund;Ein Zeitroman;Schriften eines Autors;;Frankfurt am Main;Büchergilde Gutenberg;;;;Bd. 3;;;
294;Graf, Oskar Maria;1937;Der Abgrund;E. Zeitroman;Buch (Monographie);;Zürich;Universum Buchgemeinschaft;;;;265;;;
295;Graf, Oskar Maria;1936;Der Abgrund;E. Zeitroman;Schriften eines Autors;;Moskau;Verlagsgen. ausländischer Arbeiter i. d. UdSSR;;;;;;;
296;Graf, Oskar Maria;1936;Der Abgrund;Ein Zeitroman;Buch (Monographie);;Moskau [u.a.];Verl.-Genossenschaft Ausländischer Arbeiter in der UdSSR;;;;;;;
297;Graf, Oskar Maria;-1936;Der Abgrund;Ein Zeitroman;Buch (Monographie);1.-3. Taus;(London);Malik-Verl.;;;;;;;
298;Graefe, Gerhard;1967;Die Gestalt des Literaten im Zeitroman des 19. Jahrhunderts;;Buch (Monographie);Nachdr. [d. Ausg.] Berlin 1937;Nendeln/Liechtenstein;Kraus;;;;185;;;
299;Goehring, Carl;1845;Der Pietist;Ein religiöser Zeitroman in sechszehn Trakten;Buch (Monographie);;Grimma;Verl.-Comptoir;;;;;;;
300;Goedsche, Hermann O.;;Des Cäsars Ende;Zeit-Roman;Unklarer Dokumententyp;;;;;;;;;;
301;Goedsche, Hermann O.;1876;Des Cäsars Ende;;Buch (Monographie);[Mikrofiche-Ausg.];Berlin;Janke;;;;1 (1876);;;
302;Goedsche, Hermann O.;1876;Des Cäsars Ende;;Buch (Monographie);[Mikrofiche-Ausg.];Berlin;Janke;;;;2 (1876);;;
303;Geißler, Rolf;2010;Dekadenz und Heroismus;Zeitroman und völkisch-nationalistische  Literaturkritik;Buch (Monographie);;München;Oldenbourg Wissenschaftsverlag;;;;;;;
304;Geißler, Rolf;1964;Dekadenz und Heroismus. Zeitroman und völkisch-nationalistische  Literaturkritik;;Buch (Monographie);;s.l.;De Gruyter;;;;;;;
305;Geißler, Rolf;1964;Dekadenz und Heroismus;Zeitroman und  völkisch-nationalsozialistische Literaturkritik;Buch (Monographie);;Stuttgart;Dt. Verl.-Anst;;;;;;;
306;Geissler, Rolf;1964;Dekadenz und Heroismus;Zeitroman und völkisch-nationalistische  Literaturkritik;Buch (Monographie);;München;Oldenbourg Wissenschaftsverlag;;;;;;;
307;Geißler, Rolf;1964;Dekadenz und Heroismus;Zeitroman und  völkisch-nationalsozialistische Literaturkritik;Buch (Monographie);;Stuttgart;Dt. Verl.-Anst;;;;9;;;
308;Fuhrmann, Otto;1909;Von Eulenburg zu Zeppelin;Ein Zeitroman;Buch (Monographie);;Berlin;Walther;;;;;;;
309;Friedrich, Friedrich;1871;Die Frau des Ministers;;Buch (Monographie);;Berlin;;;;;Bd. 1;;;
310;Friedrich, Friedrich;1871;Die Frau des Ministers;;Buch (Monographie);;Berlin;;;;;Bd. 2;;;
311;Friedrich, Friedrich;-1871;Die Frau des Ministers;Zeitroman;Unklarer Dokumententyp;;;;;;;;;;
312;Fliedl, Konstanze;1986;Zeitroman und Heilsgeschichte;"Elisabeth Langgässers ""Märkische  Argonautenfahrt";Buch (Monographie);;Wien;Braumüller;;;;12;;;
313;Fischer-Markgraff, Elisabeth;1910;Surrogate;Ein Zeitroman von E. Fischer-Markgraff;Buch (Monographie);;Berlin;Taendler;;;;;;;
314;Eschstruth, Mathilde;1887;Meines Lebens Roman;Ein Zeitroman;Buch (Monographie);;Berlin;Schottlaender;;;;;;;
315;Erbe-Lyck, Else;1928;Notland;Ein Zeitroman in zwei Büchern;Buch (Monographie);;Burg an der Wupper;Nieder-Rheinischer Verl.;;;;;;;
316;Erbe, Else;1928;Notland;"Erbe, Else, Lyck ; Ein Zeitroman in 2 Büchern";Buch (Monographie);;Burg an d. Wupper;Nieder-Rhein. Verl.;;;;;;;
317;Endrös, Anton;1943;Brandfackeln im Bergdorf;Ein Zeitroman;Buch (Monographie);1. - 10. Tsd;Pressburg;Andree;;;;;;;
318;Doemens, Karl Wilhelm;1920;Die ’Andere’;"Doemens, Carl Wilhelm ; Ein Zeitroman aus d.  Rheinlande";Buch (Monographie);;Köln & Lpz;Salm-Verl.;;;;;;;
319;Dinter, Artur;1934;Die Sünde wider das Blut;Ein Zeitroman;Buch (Monographie);251.-260. Tsd;Leipzig;Hammer;;;;;;;
320;Dinter, Artur;1929;Die Sünde wider das Blut;Ein Zeitroman;Buch (Monographie);246. - 250. Tsd;Leipzig;Beust;;;;1;;;
321;Dinter, Artur;1928;Die Sünden der Zeit;Die Sünde wider die Liebe;Buch (Monographie);26.-30. Tsd;Leipzig;Beust;;;;3;;;
322;Dinter, Artur;1922;Die Sünde wider die Liebe. Ein Zeitroman von Artur Dinter;;Buch (Monographie);;Leipzig;Matthes, Thost;;;;;;;
323;Dinter, Artur;1922;Die Sünde wider die Liebe;Ein Zeitroman;Buch (Monographie);1.-5. Aufl., 1.-25. Tsd;Leipzig [u.a.];Matthes & Thost;;;;[Bd. 3];;;
324;Dinter, Artur;1921;Die Sünden der Zeit;Die Sünde wider den Geist;Buch (Monographie);11. Aufl., 51. - 55. Tsd;Leipzig [u.a.];Matthes & Thost;;;;2;;;
325;Dinter, Artur;1921;Die Sünde wider den Geist;E. Zeitroman;Buch (Monographie);12. - 20. Aufl.;Leipzig [u.a.];Matthes u. Thost;;;;;;;
326;Dinter, Artur;1921;Die Sünde wider den Geist. Ein Zeitroman von Artur Dinter. 1.-10.  Aufl;;Buch (Monographie);;Leipzig;Matthes, Thost;;;;;;;
327;Dinter, Artur;1921;Die Sünde wider den Geist;Ein Zeitroman;Buch (Monographie);12.-20. Aufl., 56.-100. Tsd;Leipzig [u.a.];Matthes & Thost;;;;[Bd. 2];;;
328;Dinter, Artur;1921;Die Sünde wider den Geist;Ein Zeitroman;Schriften eines Autors;1. - 10. Aufl., 1. - 50. Tsd;Leipzig;Matthes & Thost;;;;2;;;
329;Dinter, Artur;1921;Die Sünde wider den Geist;Ein Zeitroman;Schriften eines Autors;12. - 20. Aufl., 56. - 100. Tsd;Leipzig;Beust;;;;2;;;
330;Dinter, Artur;1921;Die Sünde wider das Blut;Ein Zeitroman;Buch (Monographie);15. Aufl., 146.-170. Tsd;Leipzig [u.a.];Matthes und Thost;;;;[Bd. 1];;;
331;Dinter, Artur;1921;Die Sünde wider das Blut;Ein Zeitroman;Buch (Monographie);15. Aufl., 146. - 170. Tsd;Leipzig [u.a.];Matthes & Thost;;;;;;;
332;Dinter, Artur;1921;Die Sünde wider das Blut;Ein Zeitroman;Buch (Monographie);16. Aufl. - 171. - 200. Tsd;Leipzig [u.a.];Matthes & Thost;;;;1;;;
333;Dinter, Artur;1920;Die Sünde wider das Blut;Ein Zeitroman;Buch (Monographie);14. Aufl., 131. - 140. Tsd;Leipzig [u.a.];Matthes & Thost;;;;1;;;
334;Dinter, Artur;1920;Die Sünde wider das Blut;Ein Zeitroman;Schriften eines Autors;10. Aufl., 71. - 80. Tsd;Leipzig;Matthes und Thost;;;;;;;
335;Dinter, Artur;1920;Die Sünde wider das Blut;Ein Zeitroman;Buch (Monographie);14. Aufl., 131. - 140. Tsd;Leipzig [u.a.];Matthes & Thost;;;;1;;;
336;Dinter, Artur;1920;Die Sünde wider das Blut;Ein Zeitroman;Buch (Monographie);13. Aufl. - 100. - 110. Tsd;Leipzig [u.a.];Matthes & Thost;;;;1;;;
337;Dinter, Artur;1920;Die Sünde wider das Blut;Ein Zeitroman;Buch (Monographie);14. Aufl., 121. - 130. Tsd;Leipzig [u.a.];Matthes & Thost;;;;1;;;
338;Dinter, Artur;1920;Die Sünde wider das Blut;Ein Zeitroman;Buch (Monographie);Zwölfte Auflage, 91.-100. Tausend;Leipzig;Verlag Matthes und Thost;;;;1;;;
339;Dinter, Artur;1919;Die Sünden der Zeit;Die Sünde wider das Blut;Buch (Monographie);4.u.5. Aufl.;Leipzig [u.a.];Matthes & Thost;;;;1;;;
340;Dinter, Artur;1919;Die Sünde wider das Blut;Ein Zeitroman;Buch (Monographie);6. - 10. Tsd;Leipzig;Wolfverl. E. Matthes;;;;;;;
341;Dinter, Artur;1919;Die Sünde wider das Blut;Ein Zeitroman;Buch (Monographie);2.-5. Tsd;Leipzig;Wolfverlag, Erich Matthes;;;;;;;
342;Dinter, Artur;1918;Die Sünde wider das Blut;Ein Zeitroman;Buch (Monographie);;Leipzig;Wolfverl.;;;;;;;
343;Dernburg, Friedrich;1889;Der Oberstolze;Ein Berliner Zeitroman;Unklarer Dokumententyp;;;;;;;;;;
344;Dernburg, Friedrich;1889;Der Oberstolze;;Buch (Monographie);;Berlin;Verlag von Walther & Apolant;;;;Bd. 1;;;
345;Dernburg, Friedrich;1889;Der Oberstolze;;Buch (Monographie);;Berlin;Verlag von Walther & Apolant;;;;Bd. 2;;;
346;;P 2006;"Der Zauberberg""";Zeitroman im doppelten Sinn der  Leitmotivtechnik;Unklarer Dokumententyp;;;;;;;;;;
347;Dabei, Adalmar;1886;Vom Cirkus zum Grafenschloss;Zeitroman aus unsern Tagen;Buch (Monographie);[Mikrofiche-Ausg.];Dresden;Meinhold;;;;;;;
348;Dabei, Adalmar;1886;Ein zerschelltes Wappenschild;Zeitroman aus unsern Adelskreisen;Buch (Monographie);[Mikrofiche-Ausg.];Dresden [u.a.];Minden;;;;;;;
349;Crome-Schwiening, Carl;1896-;Von Friedrichscron bis Friedrichsruh;Zeitroman in 2 Bden;Unklarer Dokumententyp;;;;;;;;;;
350;Crome-Schwiening, Carl;1896;Von Friedrichscron bis Friedrichsruh;;Buch (Monographie);;Leipzig;;;;;Bd. 1;;;
351;Crome-Schwiening, Carl;1896;Von Friedrichscron bis Friedrichsruh;;Buch (Monographie);;Leipzig;;;;;Bd. 2;;;
352;Crome-Schwiening, Carl;1894;Und Bebel sprach!;Von ... [Verf.: C. Crome-Schwiening.] Zeitroman  in 2 Bden;Unklarer Dokumententyp;;;;;;;;;;
353;Crome-Schwiening, Carl;1894;"Und Bebel sprach! ; Von ... [Verf.";C. Crome-Schwiening.]  Zeitroman in 2 Bden;Buch (Monographie);;Leipzig;A. Bergmann;;;;"Von ... [Verf.: C. Crome-Schwiening.]  Zeitroman in 2 Bden ; 1";;;
354;Crome-Schwiening, Carl;1894;"Und Bebel sprach! ; Von ... [Verf.";C. Crome-Schwiening.]  Zeitroman in 2 Bden;Buch (Monographie);;Leipzig;A. Bergmann;;;;"Von ... [Verf.: C. Crome-Schwiening.]  Zeitroman in 2 Bden ; 2";;;
355;Crome-Schwiening, Carl;1893-;Und Bebel sprach!;Zeitroman in zwei Bänden;Unklarer Dokumententyp;;;;;;;;;;
356;Crome-Schwiening, Carl;1893;Und Bebel sprach!;;Buch (Monographie);;Leipzig;Herrmann;;;;Bd.1;;;
357;Crome-Schwiening, Carl;1893;Und Bebel sprach!;;Buch (Monographie);;Leipzig;Herrmann;;;;Bd. 2;;;
358;Brun-Barnow, Ida;1903;Im Kampf mit Idealen;Zeitroman;Buch (Monographie);;Dresden [u.a.];Pierson;;;;;;;
359;Brun-Barnow, Ida;1899;Er und Sie;Zeitroman v. I. v. Brun-Barnow [d.i. Ida Brunsig Edle  v. Brun];Buch (Monographie);;Breslau;S. Schottlaender;;;;;;;
360;Brausewetter, Artur;1926;Und hätte der Liebe nicht ...’ . ein Zeitroman;;Buch (Monographie);1. - 10. Aufl.;Breslau [u.a.];Bergstadtverl.;;;;;;;
361;Bracker, Jörgen;2017;Genannt Claus Störtebeker;Ein historischer Zeitroman;Buch (Monographie);Sonderauflage;Norderstedt;Books on Demand;;;;Band 1;;;
362;Bolanden, Conrad;1890;Die Ultramontanen;Zeitroman;Unklarer Dokumententyp;;;;;;;;;;
363;Bolanden, Conrad;1890;Die Ultramontanen;;Buch (Monographie);;Trier;Dr. u. Verl. der Paulinus-Druckerei;;;;Bd. 1;;;
364;Bolanden, Conrad;1890;Die Ultramontanen;;Buch (Monographie);;Trier;Dr. u. Verl. der Paulinus-Druckerei;;;;Bd. 2;;;
365;Bolanden, Conrad;1873;Die Aufgeklärten;Ein Zeitroman;Buch (Monographie);3., umgerarb. Aufl.;Regensburg [u.a.];Pustet;;;;Bd. 21;;;
366;Bolanden, Conrad;1869;Die Aufgeklärten;Ein Zeitroman;Buch (Monographie);2. umgearb. Aufl.;Mainz;F. Kirchheim;;;;;;;
367;Bohnagen, Alfred;1917;Hausmann’s Kinder;Zeitroman von Alfred Bohnagen;Buch (Monographie);;Werdau i.S.;Meister;;;;Bd 35);;;
368;Bierbaum, Otto Julius;s.a. [ca. 1920;Prinz Kuckuck;;Buch (Monographie);Wohlfeile Ausg. 39.-59. Tsd;"München; Berlin";Müller;;;;Bd. 1;;;
369;Bierbaum, Otto Julius;s.a. [ca. 1920;Prinz Kuckuck;;Buch (Monographie);Wohlfeile Ausg. 39.-59. Tsd;"München; Berlin";Müller;;;;Bd. 2;;;
370;Bierbaum, Otto Julius;ca. 1925;Prinz Kuckuck;Leben, Taten, Meinungen und Höllenfahrt eines  Wollüstlings, in einem Zeitroman;Schriften eines Autors;;Berlin;Franke;;;;;;;
371;Bierbaum, Otto Julius;ca. 1920]-;Prinz Kuckuck;Leben Taten Meinungen und Höllenfahrt eines  Wollüstlings, in einem Zeitroman;Unklarer Dokumententyp;;;;;;;;;;
372;Bierbaum, Otto Julius;ca. 1920;Prinz Kuckuck;;Buch (Monographie);Neue Ausg;München;Müller;;;;Bd. 1;;;
373;Bierbaum, Otto Julius;ca. 1920;Prinz Kuckuck;;Buch (Monographie);Neue Ausg;München;Müller;;;;Bd. 2;;;
374;Bierbaum, Otto Julius;ca. 1918;Prinz Kuckuck;;Buch (Monographie);37. Aufl., 39. - 59. Tsd;München;G. Müller;;;;Bd. 1;;;
375;Bierbaum, Otto Julius;ca. 1915;Prinz Kuckuck;;Buch (Monographie);28., Aufl., 39. - 59. Tsd;München;G. Müller;;;;Bd. 2;;;
376;Bierbaum, Otto Julius;1928;Prinz Kuckuck;Leben, Taten, Meinungen u. Höllenfahrt eines  Wollüstlings, in einem Zeitroman;Schriften eines Autors;;Berlin;Franke;;;;;;;
377;Bierbaum, Otto Julius;1928;Prinz Kuckuck;Leben, Taten, Meinungen u. Höllenfahrt eines  Wollüstlings. In e. Zeitroman. Hrsg. v. Peter Scher;Buch (Monographie);;Berlin;P. Franke;;;;;;;
378;Bierbaum, Otto Julius;1922;Prinz Kuckuck;Leben, Taten, Meinungen und Höllenfahrt eines  Wollüstlings in einem Zeitroman;Unklarer Dokumententyp;;;;;;;;;;
379;Bierbaum, Otto Julius;1922;Prinz Kuckuck;Leben, Taten, Meinungen und Höllenfahrt eines  Wollüstlings, in einem Zeitroman;Schriften eines Autors;1. - 16. Tsd;München;G. Müller;;;;;;;
380;Bierbaum, Otto Julius;1922;Prinz Kuckuck;;Buch (Monographie);;München;Müller;;;;Bd.2;;;
381;Bierbaum, Otto Julius;1922;Prinz Kuckuck;"Leben, Taten, Meinungen und Höllenfahrt eines  Wollüstlings ; in einem Zeitroman ; Bd. 1";Schriften eines Autors;60. - 62. Tsd;München;Müller;;;;5;;;
382;Bierbaum, Otto Julius;1922;Prinz Kuckuck;"Leben, Taten, Meinungen und Höllenfahrt eines  Wollüstlings ; in einem Zeitroman ; Bd. 2";Schriften eines Autors;60. - 62. Tsd;München;Müller;;;;6;;;
383;Bierbaum, Otto Julius;1922;Gesammelte Werke;;Buch (Monographie);60. - 62. Tsd;München;Müller;;;;5;;;
384;Bierbaum, Otto Julius;1922;Gesammelte Werke;;Buch (Monographie);60. - 62. Tsd;München;Müller;;;;6;;;
385;Bierbaum, Otto Julius;1917;Prinz Kuckuck;Leben, Taten, Meinungen und Höllenfahrt eines  Wollüstlings, in einem Zeitroman von Otto Julius Bierbaum;Unklarer Dokumententyp;;;;;;;;;;
386;Bierbaum, Otto Julius;1917;Prinz Kuckuck;;Buch (Monographie);;München;Müller;;;;Bd.1;;;
387;Bierbaum, Otto Julius;1917;Prinz Kuckuck;;Buch (Monographie);;München;Müller;;;;Bd.2;;;
388;Bierbaum, Otto Julius;1911;Prinz Kuckuck;;Buch (Monographie);Neue Ausg., 5. Aufl.;München [u.a.] Müller;;;;;Bd. 1;;;
389;Bierbaum, Otto Julius;1911;Prinz Kuckuck;;Buch (Monographie);Neue Ausg., 5. Aufl.;München [u.a.];Müller;;;;Bd. 2;;;
390;Bierbaum, Otto Julius;1908-09;Prinz Kuckuck;;Buch (Monographie);[10.Aufl.];München [u.a.];G. Müller;;;;1;;;
391;Bierbaum, Otto Julius;1908-09;Prinz Kuckuck;;Buch (Monographie);[10.Aufl.];München [u.a.];G. Müller;;;;2;;;
392;Bierbaum, Otto Julius;1908-09;Prinz Kuckuck;;Buch (Monographie);[10.Aufl.];München [u.a.];G. Müller;;;;3;;;
393;Bierbaum, Otto Julius;1908-;Prinz Kuckuck;Leben Taten Meinungen und Höllenfahrt eines  Wollüstlings, in einem Zeitroman;Unklarer Dokumententyp;;;;;;;;;;
394;Bierbaum, Otto Julius;1908;Prinz Kuckuck;;Buch (Monographie);Wohlfeile Ausg;"München; Berlin";Müller;;;;Bd. 1;;;
395;Bierbaum, Otto Julius;1908;Prinz Kuckuck;;Buch (Monographie);;München;G. Müller;;;;Bd. 2;;;
396;Bierbaum, Otto Julius;1908;Prinz Kuckuck;;Buch (Monographie);Wohlfeile Ausg;"München; Berlin";Müller;;;;Bd. 2;;;
397;Bierbaum, Otto Julius;1908;Prinz Kuckuck;;Buch (Monographie);;München [u.a.];Müller;;;;3;;;
398;Bierbaum, Otto Julius;1908;Prinz Kuckuck;;Buch (Monographie);;München;G. Müller;;;;Bd. 3;;;
399;Bierbaum, Otto Julius;1907-1908;Prinz Kuckuck;;Buch (Monographie);9. Aufl.;München;G. Müller;;;;Bd. 1;;;
400;Bierbaum, Otto Julius;1907-1908;Prinz Kuckuck;;Buch (Monographie);9. Aufl.;München;G. Müller;;;;Bd. 2;;;
401;Bierbaum, Otto Julius;1907-1908;Prinz Kuckuck;;Buch (Monographie);9. Aufl.;München;G. Müller;;;;Bd. 3;;;
402;Bierbaum, Otto Julius;1907-;Prinz Kuckuck;"Leben, Taten, Meinungen und Höllenfahrt eines  Wollüstlings ; in einem Zeitroman";Unklarer Dokumententyp;;;;;;;;;;
403;Bierbaum, Otto Julius;1907;Prinz Kuckuck;;Buch (Monographie);;München [u.a.];Müller;;;;1;;;
404;Bierbaum, Otto Julius;1907;Prinz Kuckuck;;Buch (Monographie);3. Aufl.;München [u.a.];G. Müller;;;;Bd. 1;;;
405;Bierbaum, Otto Julius;1907;Prinz Kuckuck;;Buch (Monographie);8. Aufl.;München;G. Müller;;;;Bd. 1;;;
406;Bierbaum, Otto Julius;1907;Prinz Kuckuck;;Buch (Monographie);6. Aufl.;München;G. Müller;;;;Bd. 1;;;
407;Bierbaum, Otto Julius;1907;Prinz Kuckuck;;Buch (Monographie);7. Aufl.;München;G. Müller;;;;Bd. 1;;;
408;Bierbaum, Otto Julius;1907;Prinz Kuckuck;;Buch (Monographie);2. Aufl.;München;G. Müller;;;;Bd. 2;;;
409;Bierbaum, Otto Julius;1907;Prinz Kuckuck;;Buch (Monographie);;München;G. Müller;;;;Bd. 3;;;
410;Bierbaum, Otto Julius;;Prinz Kuckuck;"Leben, Taten, Meinungen und Höllenfahrt eines  Wollüstlings ; in einem Zeitroman";Unklarer Dokumententyp;;;;;;;;;;
411;Baitz, Josef;1909;Ecce sacerdos;"Josef Baitz ; Ein Zeitroman";Buch (Monographie);;Dresden;Pierson;;;;;;;
412;Aellen, Hermann;1914;Heimatfeinde;Ein Berner Volks- u. Zeitroman;Buch (Monographie);;Bern;Wyß;;;;;;;
413;Bierbaum, Otto Julius (1865-1910);1922;"Prinz Kuckuck : Leben, Taten, Meinungen und Höllenfahrt eines Wollüstlings; in einem Zeitroman";"Leben, Taten, Meinungen und Höllenfahrt eines Wollüstlings; in einem Zeitroman";;[Einbändige Ausg.], 1. - 16. Tsd.;München;Müller;;;;;;;
414;Dabei, Adalmar;1886;Ein zerschelltes Wappenschild : Zeitroman aus unsern Adelskreisen;Zeitroman aus unsern Adelskreisen;;[Mikrofiche-Ausg.];Dresden [u.a.];Minden;;;;;;;
415;Dabei, Adalmar;1886;Vom Cirkus zum Grafenschloss : Zeitroman aus unsern Tagen;Zeitroman aus unsern Tagen;;[Mikrofiche-Ausg.];Dresden;Meinhold;;;;;;;
416;Dinter, Artur (1876-1948);1934;Die Sünde wider das Blut : ein Zeitroman;ein Zeitroman;;251. - 260. Tsd.;Leipzig;Hammer-Verl.;;;;;;;
417;Dinter, Artur (1876-1948);1921;Die Sünde wider den Geist : ein Zeitroman;ein Zeitroman;;;"Leipzig ; Hartenstein";Matthes & Thost;;;;;;;
418;Dinter, Artur (1876-1948);1921;Die Sünde wider den Geist : ein Zeitroman;ein Zeitroman;;56. - 100. Tsd.;"Leipzig ; Hartenstein im Erzgeb.";Matthes & Thost;;;;;;;
419;Dinter, Artur (1876-1948);1922;Die Sünde wider die Liebe : ein Zeitroman;ein Zeitroman;;1. - 5. Aufl.;"Leipzig ; Hartenstein";Matthes & Thost;;;;;;;
420;Graf, Oskar Maria (1894-1967);1985;Der Abgrund : ein Zeitroman;ein Zeitroman;;;Frankfurt am Main;Büchergilde Gutenberg;;;;;;;
421;Graf, Oskar Maria (1894-1967);1936;Der Abgrund : ein Zeitroman;ein Zeitroman;;1. - 3. Tsd.;London;Malik-Verl.;;;;;;;
422;Hanstein, Adalbert von (1861-1904);1895;Die Aktien des Glücks : humoristisch-satirischer Zeitroman;humoristisch-satirischer Zeitroman;;;Leipzig;Tiefenbach;;;;;;;
423;Hanstein, Otfrid von (1869-1959);1922;Wettkonzern Lange : Zeitroman;Zeitroman;;;Dresden;Verlag Deutsche Buchwerkstätten;;;;;;;
424;Johannes, Martin Otto (1887-);1935;Stehauf : deutscher Zeitroman;deutscher Zeitroman;;;"Braunschweig ; Berlin ; Hamburg";Westermann;;;;;;;
425;Karrasch, Alfred (1893-1973);1934;Parteigenosse Schmiedecke : ein Zeitroman;ein Zeitroman;;41.-60. Tsd.;Berlin;Zeitgeschichte;;;;;;;
426;Mülleneisen, Jak;1912;Gelehrtenproletariat : ein Zeitroman;ein Zeitroman;;;Leipzig;Hoffmann;;;;;;;
427;Reimann, Hans (1889-1969);1921;Die Dinte wider das Blut : ein Zeitroman;ein Zeitroman;;39., wildgewordene u. vermasselte Aufl., 640.- 683. Tsd.;"Hannover ; Leipzig";Steegemann;;;;;;;
428;Ring, Max (1817-1901);1882;Fürst und Musiker : Zeitroman;Zeitroman;;;New York;Munro;;;;;;;
429;Samarow, Gregor (1829-1903);1910;Europäische Minen und Gegenminen : Zeitroman;Zeitroman;;Neue, ungekürzte Ausg.;Berlin;Globus-Verl.;;;;;;;
430;Samarow, Gregor (1829-1903);1873;Um Szepter und Kronen : Zeitroman. - 2,1. Europäische Minen und Gegenminen  : erster Band;erster Band;;;;;;;;;;;
431;Samarow, Gregor (1829-1903);1912;Um Zepter und Kronen : Zeitroman;Zeitroman;;Neue, ungekürzte Ausg., 27.  - 31.  Tsd.;Berlin;Globus-Verl.;;;;;;;
432;Schupp, Johannes Martin (1883-1947);1931;Morisan : ein Zeitroman;ein Zeitroman;;;Berlin;Loesdau;;;;;;;
433;Worms, Karl;1899;Du bist mein : ein Zeitroman in 2 Büchern;ein Zeitroman in 2 Büchern;;;Stuttgart;Cotta;;;;;;;
434;Wothe, Anny (1858-1919);1916;Die den Weg bereiten : ein Zeitroman;ein Zeitroman;;;Hamburg;Enoch;;;;;;;
435;Goedsche, Hermann Ottomar Friedrich (1816-1878);;Des Cäsars Ende : Zeit-Roman;Zeit-Roman;;[Mikrofiche-Ausg.];Berlin;Janke;;;;;;;
436;Samarow, Gregor (1829-1903);;Des Cäsars Ende : Zeit-Roman - Der Todesgruss der Legionen;;;;;;;;;;;;
437;Samarow, Gregor (1829-1903);;Gipfel und Abgrund : Zeitroman;Zeitroman;;[Mikrofiche-Ausg.];Stuttgart [u.a.];Dt. Verl.-Anst.;;;;;;;
438;Samarow, Gregor (1829-1903);;Um Szepter und Kronen : Zeitroman;Zeitroman;;[Mikrofiche-Ausg.];Stuttgart;Hallberger;;;;;;;
439;Schöfer, Erasmus (1931-);;Die Kinder des Sisyfos : Zeitroman;Zeitroman;;;Köln;Dittrich;;;;;;;
440;Samarow, Gregor (1829-1903);;Um Szepter und Kronen : Zeitroman;Zeitroman;;;Stuttgart;Hallberger;;;;;;;
441;Bierbaum, Otto Julius (1865-1910);;"Prinz Kuckuck : Leben, Taten, Meinungen und Höllenfahrt eines Wollüstlings ; in einem Zeitroman";"Leben, Taten, Meinungen und Höllenfahrt eines Wollüstlings ; in einem Zeitroman";;;"München ; Leipzig";Müller;;;;;;;
442;Bierbaum, Otto Julius (1865-1910);;Prinz Kuckuck : Leben, Taten, Meinungen und Höllenfahrt eines Wollüstlings, in einem Zeitroman;Leben, Taten, Meinungen und Höllenfahrt eines Wollüstlings, in einem Zeitroman;;Wohlfeile Ausg.;"München ; Berlin";Müller;;;;;;;
